,Flow rate (m³/s),Water velocity (m/s),Width (m),Depth (m),Roughness,Slope (%),Water temperature (°C),Siltation (%)
Component_1,-0.09516784870764222,-0.07372369238439316,-0.07787454143227668,0.45534365886297457,0.5210509644301324,-0.40619711748191195,0.3863552688442678,0.43167696989259235
Component_2,-0.31187665993305547,0.5031869455064035,-0.3849390213804563,0.38728715724120333,-0.16899951078802158,-0.3364566713063022,-0.4075024468222969,-0.20867267199217632
Component_3,0.7053240172676212,0.24518981154061736,-0.48801005465491076,-0.0915962151923345,0.35878510838991373,0.05020248345773655,0.07154236025510798,-0.24390767565153118
Component_4,-0.1632159204356431,-0.5231277452909383,-0.46585585704832705,0.40659077667128196,0.04732213785700834,0.542434829413786,-0.12432668873617385,-0.07367585614130816
Component_5,0.13267909500425093,0.1001854342314049,-0.40911063231781886,-0.19328617999697037,-0.4098683353358832,0.0593319178293905,-0.048662227935199184,0.7705502828832598
Component_6,-0.4148725374960403,0.3586192944905237,-0.23531892904102547,-0.16276055314503002,-0.08319828297856025,0.2882962968108508,0.7077388341026946,-0.16271452572881215
Component_7,-0.29712880695500254,0.3224461109917169,0.08122739821507968,-0.2610844992714266,0.6072241206159996,0.3783698880839172,-0.39452903759096264,0.25581615514711126
Component_8,0.3025659118293349,0.40616575356613294,0.401544038137234,0.5804732750608597,-0.15919729842762909,0.44186669159326947,0.07197566255361343,0.13973533210764164
