,Flow rate (m³/s),Water velocity (m/s),Width (m),Depth (m),Roughness,Slope (%),Water temperature (°C),Siltation (%)
Component_1,0.9056919427640685,0.5435182818788633,0.606444420328738,20.733784766672105,27.149410753357127,16.499609825061427,14.927039376372653,18.634500633565022
Component_2,9.726705101099872,25.319710212806427,14.817805018134342,14.999134216397255,2.8560834646590627,11.320309166651707,16.605824416615892,4.354428403635441
