,Flow rate (m³/s),Water velocity (m/s),Width (m),Depth (m),Roughness,Slope (%),Water temperature (°C),Siltation (%)
Flow rate (m³/s),1.0,-0.034032500978822544,-0.03765407951811861,-0.2118819496524809,0.12007497653245613,0.06932148960599964,0.04796635782964547,-0.033630973948540616
Water velocity (m/s),-0.034032500978822544,0.9999999999999998,-0.1463536203930927,-0.011782580647638916,-0.08239330883517944,-0.22887781825532647,-0.11566032649988373,-0.12829901767604746
Width (m),-0.03765407951811861,-0.1463536203930927,1.0,-0.21481643298143255,-0.034694506314853706,-0.0219568449515434,0.08168974561448415,0.04166150198562133
Depth (m),-0.2118819496524809,-0.011782580647638914,-0.21481643298143255,1.0,0.1875298508200301,-0.21848486322740365,-0.01600501708401673,0.07809570290057044
Roughness,0.12007497653245613,-0.08239330883517944,-0.034694506314853706,0.1875298508200301,0.9999999999999998,-0.13333937271312007,0.24995276356995372,0.12649973618404461
Slope (%),0.06932148960599964,-0.22887781825532644,-0.0219568449515434,-0.21848486322740365,-0.13333937271312007,1.0,-0.02629905766457703,-0.13306690225201745
Water temperature (°C),0.04796635782964547,-0.11566032649988373,0.08168974561448414,-0.01600501708401673,0.24995276356995372,-0.02629905766457703,0.9999999999999998,0.1908254656540938
Siltation (%),-0.033630973948540616,-0.12829901767604746,0.04166150198562134,0.07809570290057044,0.12649973618404461,-0.13306690225201745,0.1908254656540938,1.0
